ID,Title,Country,City,Type,Best Season,Cover Image URL,Video URL,Google Maps Embed URL,Google Maps Direct URL,Description,Related Venues,Created Date
68fb30843841570cccd32d55,Explore the Great Wall,China,Beijing,Hiking,Spring & Autumn,https://res.cloudinary.com/dekytgf4z/image/upload/v1761289894/%E5%85%AB%E8%BE%BE%E5%B2%AD%E9%95%BF%E5%9F%8E_fvmncr.png,,https://www.google.com/maps/d/u/0/embed?mid=1CbLubZqs3slm6Lp3-IPU2bL8NdMxpgw&ehbc=2E312F&noprof=1,https://www.google.com/maps/d/u/0/edit?mid=1CbLubZqs3slm6Lp3-IPU2bL8NdMxpgw&usp=sharing,"A Journey Across Beijing‚Äôs Ancient Mountain FortressesÔºåfrom the famous Badaling and scenic Mutianyu, to the wild beauty of Jinshanling and Simatai, and the lakeside charm of Huanghuacheng. Each section reveals a different side of China‚Äôs history and landscape ‚Äî where ancient stones wind through mountains, forests, and water, telling timeless stories under the northern sky.",68fb2b139430589cdbdd4133; 68fb29d3222a8634aef54601; 68fb28858fc3203a56f40ed9; 68fb27f5b61bafbd8881f362; 68fb2767d60bc72cdf824781; 68fb26b4d44d59f52a2d2fd2,"24/10/2025, 07:53:40"
68f7580b54025104d4157110,See Beijing from Above,China,Beijing,Attractions,All seasons,https://res.cloudinary.com/dekytgf4z/image/upload/v1761040238/1_q1leui.png,,https://www.google.com/maps/d/u/0/embed?mid=16hVoQRtPKaSwhM_dWwY2zEolQd5GL1c&ehbc=2E312F&noprof=1,https://www.google.com/maps/d/u/0/edit?mid=16hVoQRtPKaSwhM_dWwY2zEolQd5GL1c&usp=sharing,"Look Beijing From the Top takes you to the city‚Äôs most breathtaking viewpoints ‚Äî from Jingshan Park‚Äôs hilltop, where the golden roofs of the Forbidden City stretch beneath your feet, to the sky-high elegance of China World Summit Wing, the modern heights of Olympic Tower, and the classic charm of the Central TV Tower. Discover how ancient majesty and futuristic skylines meet in one panoramic journey ‚Äî the perfect route to feel Beijing‚Äôs true scale and spirit.",687dfdd5fee3411306ee9a45; 68f74b9bdd4ef7e8656feb55; 68f74adf30820beb539e0f90; 68f74a665323fb166acc52af,"21/10/2025, 09:53:15"
68c92577125547ae500871f3,Family Fun in Guangzhou: Parks & Playlands,China,Guangzhou,Entertainment ,All seasons,https://res.cloudinary.com/dekytgf4z/image/upload/v1758020052/guangzhou_zoo_opvrx1.png,,https://www.google.com/maps/d/u/0/embed?mid=1Yicqu0g3TFSrmMcnXnkvNI009o6xig8&ehbc=2E312F&noprof=1,https://www.google.com/maps/d/u/0/edit?mid=1Yicqu0g3TFSrmMcnXnkvNI009o6xig8&usp=sharing,"Guangzhou is a wonderland for families, offering exciting adventures and educational fun for all ages. Meet giant pandas and exotic wildlife at Chimelong Safari Park, enjoy playful moments at Guangzhou Zoo, or dive into the colorful underwater world of the city‚Äôs aquariums. Science lovers can spark curiosity at the Guangdong Science Center, while thrill-seekers will find joy in theme parks like Sunac Land. Blending learning, laughter, and discovery, Guangzhou‚Äôs family-friendly attractions create unforgettable memories for kids and parents alike, making the city a top destination for those traveling with little explorers.",68c916c36baab27d171a14e3; 68c9174915eeeab8aa5da011; 68c9183128ec63d57abb6969; 68c918b6bea1c0ec75877e80; 68c9194147dfe15e0c94d277; 68c919cb7b0e6c6c65fd8b6a; 68c91a4b643017c8d9cda505; 68c91ac300bd8608bcdba709; 68c91dbb4369c0e8c07efb75,"16/09/2025, 08:53:11"
68c924947f6a10705d574710,Modern Echoes: Guangzhou‚Äôs Revolutionary Legacy,China,Guangzhou,Attractions,All seasons,https://res.cloudinary.com/dekytgf4z/image/upload/v1758020045/modern_echoes_pliuxk.png,,https://www.google.com/maps/d/u/0/embed?mid=1_K69MZORyGpCULoq_AbHfz8sDvrUcjI&ehbc=2E312F&noprof=1,https://www.google.com/maps/d/u/0/edit?mid=1_K69MZORyGpCULoq_AbHfz8sDvrUcjI&usp=sharing,"Walk through the chapters of modern Chinese history in Guangzhou, a city that witnessed turning points of revolution and reform. Explore memorial halls, museums, and historic academies that honor pioneers like Sun Yat-sen, the 1911 Revolution, and the sacrifices of countless heroes. From the former Huangpu Military Academy to the solemn Huanghuagang Martyrs‚Äô Cemetery, each site tells stories of courage, ideals, and transformation. Perfect for history enthusiasts, this journey connects travelers to the city‚Äôs role in shaping a new China, offering inspiration and reflection amid the preserved relics of a turbulent yet hopeful era.",68c90aecb64345f416a367fe; 68c90c9f11bd66bbfb5062ad; 68c90d833fd05d4b601ca5d0; 68c90e74643017c8d9cd1a36; 68c90ef1db2b5e34f2dfd1e6; 68c90fb47b0e6c6c65fd362d; 68c9109b45e01f0fdf273ee0; 68c911442e0409c7f8d8b7d6; 68c91220643017c8d9cd457f; 68c912a92e0409c7f8d8c4f1; 68c913348381f145a529e6f7; 68c913bd20c8097b48d04a97; 68c9152559540ddf07b4496f; 68c915f41349c2fedd362f3a,"16/09/2025, 08:49:24"
68c9231c6baab27d171a9bf0,Shopper‚Äôs Guangzhou: From Markets to Malls,China,Guangzhou,Shopping,All seasons,https://res.cloudinary.com/dekytgf4z/image/upload/v1758020045/shopping_guangzhou_qbonsu.png,,https://www.google.com/maps/d/u/0/embed?mid=1krAxSMJWyuDm5cidCtTiwG6AXH2hFBU&ehbc=2E312F&noprof=1,https://www.google.com/maps/d/u/0/edit?mid=1krAxSMJWyuDm5cidCtTiwG6AXH2hFBU&usp=sharing,"Guangzhou is a shopping paradise where tradition meets modern style. Dive into its legendary wholesale markets, offering everything from fashion, jewelry, and leather goods to toys and accessories at unbeatable variety. Wander through bustling alleys filled with local vendors, then step into sleek malls that showcase international brands and lifestyle experiences. Whether you‚Äôre a bargain hunter, a fashion buyer, or simply a curious traveler, Guangzhou‚Äôs shopping scene reveals the city‚Äôs role as China‚Äôs trade hub. This theme offers not just goods, but the thrill of discovery‚Äîevery corner hides treasures waiting to be found.",68c581d1a1c947bb11402f1c; 68c58370d81f63ba6628ba53; 68c7f69cbb10667e3197eede; 68c7f7d278c32abd0232e83c; 68c7f8a504288ab3c2ed3361; 68c7f94bca6143da823abc83; 68c7f9f3ae7dd46086827531; 68c7fcaefcb5fa61aa1f6b03; 68c7fda03b1fc5066fd54d7d; 68c7fe307d640b1d60980d58; 68c7ff285268beb1d57ec7d0; 68c8001aace10b3458addfe4; 68c801a58cf57c0ad6d4412e; 68c802d04ea66e42483a47bb; 68c8201fdb4b8b9128db3e7a; 68c822183bcf3038e331951d,"16/09/2025, 08:43:08"
68c92196535dddfd8d316412,Flavors of Guangzhou: A Culinary Paradise,China,Guangzhou,Eating,All seasons,https://res.cloudinary.com/dekytgf4z/image/upload/v1758020032/flavor_guangzhou_dpc2m7.png,,https://www.google.com/maps/d/u/0/embed?mid=1QK4XjhcAeCK5O9SIt2kzgj_nOKBgLwY&ehbc=2E312F&noprof=1,https://www.google.com/maps/d/u/0/edit?mid=1QK4XjhcAeCK5O9SIt2kzgj_nOKBgLwY&usp=sharing,"Known as the ‚ÄúFood Capital of China,‚Äù Guangzhou invites travelers on a mouthwatering journey through its bustling food streets, lively night markets, and time-honored eateries. From delicate dim sum to sizzling stir-fries and fragrant street snacks, every corner of the city is a celebration of flavor. Stroll through vibrant alleys where locals gather for late-night feasts, taste authentic Cantonese dishes that balance freshness and subtlety, and discover hidden gems loved by generations. Perfect for food lovers, this theme reveals why the saying ‚ÄúEat in Guangzhou‚Äù still rings true, offering an unforgettable experience for your palate and soul.",68c56a413d0c3baf0f0d5d76; 68c56b0c7eb1bb61d2024191; 68c56bc632a89ef56985797f; 68c56c64cb95a7958df3bd1e; 68c56df95c6c1397b1f33c47; 68c56f805182eff4a80f5e07; 68c5702da31511c84acdc6fc; 68c571121c34222b663ca21f; 68c57242e31c2af09547b1bf; 68c5733811dc5d41bd3ff1a0; 68c57542b1f1a51f59cfb4da,"16/09/2025, 08:36:38"
68c920ce2e0409c7f8d95483,Pearl River Charms: Night & Waterfront Wonders,China,Guangzhou,Relaxing,Summer,https://res.cloudinary.com/dekytgf4z/image/upload/v1758020034/pearl_river_ae7ssq.png,,https://www.google.com/maps/d/u/0/embed?mid=1PI1__OlrKwsJY0qRKeSKankvFTwAbKU&ehbc=2E312F&noprof=1,https://www.google.com/maps/d/u/0/edit?mid=1PI1__OlrKwsJY0qRKeSKankvFTwAbKU&usp=sharing,"Experience the vibrant heart of Guangzhou along the Pearl River, where glittering nightscapes and riverside landmarks bring the city‚Äôs spirit to life. A night cruise unveils shimmering skylines, illuminated bridges, and iconic towers reflecting on the water‚Äôs surface. Stroll along historic docks and modern promenades, where old warehouses meet trendy caf√©s and art spaces. From romantic sunsets to dazzling neon nights, the Pearl River offers a unique blend of history and modernity. Perfect for evening explorers, this theme captures the rhythm of Guangzhou through its flowing waters and sparkling lights, making every moment unforgettable.",68c560ab0e789a7542be34ea; 68c5615923d4286f776bff3b; 68c562199e91897de9e3a28c; 68c562d175841229688c7baa; 68c5636f0e789a7542be47f9; 68c564045182eff4a80f3c47; 68c564c3cb95a7958df3858c; 68c565c520e0630b3806a561; 68c5665c7eb1bb61d2021c9f; 68c56769b36bc4a27b3e4545; 68c5680fcb3d07a993759035; 68c568d2cb3d07a99375998c,"16/09/2025, 08:33:18"
68c91eac15eeeab8aa5db90c,Lingnan Legacy: Ancient Charm of Guangzhou,China,Guangzhou,Attractions,Spring & Autumn,https://res.cloudinary.com/dekytgf4z/image/upload/v1758020035/lingnan_wqiuxq.png,,https://www.google.com/maps/d/u/0/embed?mid=1FgfssQFyAscomi4_F8_sv58e1VIeveU&ehbc=2E312F&noprof=1,https://www.google.com/maps/d/u/0/edit?mid=1FgfssQFyAscomi4_F8_sv58e1VIeveU&usp=sharing,"Step into the timeless beauty of Lingnan culture, where traditional architecture, elegant gardens, and historic academies reveal Guangzhou‚Äôs ancient soul. Wander through ornate ancestral halls, stroll shaded courtyards filled with carved wood and stone, and explore tranquil waterways that once nurtured a unique southern lifestyle. In charming old towns and cultural landmarks, you‚Äôll find the essence of harmony between nature and humanity that defines Lingnan aesthetics. Perfect for travelers seeking authenticity, this journey offers a slower rhythm of life, where history, art, and tradition are still alive in every brick and blossom.",68c5302c0ad41de74c00b13f; 68c531128f1da8dda5676add; 68c531f78814748710252312; 68c53289e2dbf9bd291e3866; 68c5330411319244f135691a; 68c533cd571ede2416ac6fdf; 68c5348fa92c3e5c09f83403; 68c53528039d20160c9a9654; 68c537ae3a2cb7ba39480415; 68c5382523d4286f776b35be; 68c538c18f1da8dda567ac21; 68c5399fe2dbf9bd291e8531; 68c53d2f93aafdc2ef8645c0; 68c55ec1548ffc5d3d06fac2; 68c55f625a174bf565d148f8; 68c55fdc0e789a7542be2ee8,"16/09/2025, 08:24:12"
68c6be6bbdf2becb51c5f0c0,Shopper‚Äôs Paradise: Markets & Malls of Hangzhou,China,Hangzhou,Shopping,All seasons,https://res.cloudinary.com/dekytgf4z/image/upload/v1757855520/shopping_hangzhou_l0bhav.png,,https://www.google.com/maps/d/u/0/embed?mid=17OIjK0uZggVrlfC8fVdCDCmeD3wR9sE&ehbc=2E312F&noprof=1,https://www.google.com/maps/d/u/0/edit?mid=17OIjK0uZggVrlfC8fVdCDCmeD3wR9sE&usp=sharing,"Hangzhou is not just about lakes and temples‚Äîit‚Äôs also a shopper‚Äôs dream. From luxury malls like MixC and Intime to trendy hubs such as Hubin Yintai in77, the city blends international fashion with local design. Explore the bustling Wulin Night Market or dive into wholesale centers where fabrics, accessories, and souvenirs overflow. Tea lovers will enjoy browsing Longjing tea shops, while handicraft markets showcase fans, umbrellas, and silk. Whether you‚Äôre after global brands, budget bargains, or authentic local treasures, Hangzhou‚Äôs shopping scene offers endless variety, making it a must-visit for travelers who love to shop while experiencing culture.",68c41f4449b2b03938824b4c; 68c428034891f72e7867f9b4; 68c4206a1d1491d4700408eb; 68c4216c647e1640f478ee50; 68c422357f2bec721e85d7e8; 68c42303b9d5b401394697a6; 68c4246694335502ea8ae0a3; 68c42fd6715c010dec1c02f0; 68c431310c0cedf3bb5f2503,"14/09/2025, 13:08:59"
68c6bde0f29e574d89144f1c,Hangzhou Nights: Flavors & Lights,China,Hangzhou,Eating,Summer,https://res.cloudinary.com/dekytgf4z/image/upload/v1757854728/hangzhou_nights_tsr57t.png,,https://www.google.com/maps/d/u/0/embed?mid=1CMMFVsK3qn1vGP4gzYfTgZWAMbwXSJw&ehbc=2E312F&noprof=1,https://www.google.com/maps/d/u/0/edit?mid=1CMMFVsK3qn1vGP4gzYfTgZWAMbwXSJw&usp=sharing,"When the sun sets, Hangzhou transforms into a city of dazzling lights and irresistible flavors. Stroll along the glittering lakeside, where West Lake reflections meet illuminated landmarks. Dive into buzzing food streets filled with local snacks, from skewers and dumplings to sweet pastries and spicy noodles. Explore lively night markets, join the vibrant crowds on historic streets, or sip cocktails with a lake view. Whether it‚Äôs the cultural glow of ancient towers, the modern skyline across Qiantang River, or the energy of late-night dining, Hangzhou‚Äôs nightlife offers a perfect blend of tradition and trend for every kind of traveler.",68c4121fa260f72d322b1dd0; 68c413c23b8818eb5e477a20; 68c414fcd98527b885e52fbb; 68c415b032da09d5e6a6ae2c; 68c417cfc15694553ed54014; 68c418c85f8276cac399092d; 68c41961046f4124d26589cf; 68c41a32647e1640f4789f00; 68c41b228853a2787150d269; 68c41c26c57ad82722e5969c; 68c41d6a02283df1f4ea5fb7; 68c41e2cdbddf261af4d7269,"14/09/2025, 13:06:40"
68c6bd2386366ddeaa1c5cac,Southern Song Legacy: Echoes of the Ancient Capital,China,Hangzhou,Relaxing,Spring & Autumn,https://res.cloudinary.com/dekytgf4z/image/upload/v1757854730/southern_song_f4x9vf.png,,https://www.google.com/maps/d/u/0/embed?mid=1cSh0I0WEyB46lc6vUF5W5iGfFz5e_yo&ehbc=2E312F&noprof=1,https://www.google.com/maps/d/u/0/edit?mid=1cSh0I0WEyB46lc6vUF5W5iGfFz5e_yo&usp=sharing,"Hangzhou once served as the capital of the Southern Song Dynasty, leaving behind a rich legacy of temples, streets, and cultural landmarks. Walk along the bustling Southern Song Imperial Street, climb the majestic Liuhe Pagoda, and admire city views from Chenghuang Pavilion. Sacred sites such as Lingyin Temple, Faxi Temple, Jingci Temple, and Xiangji Temple reflect centuries of Buddhist devotion. Explore the scholarly spirit at Hangzhou Confucius Temple, or experience the living history of Song Dynasty culture at Songcheng theme park. With ancient streets like Xiaohe and Dadou, and the archaeological marvel of Liangzhu Ancient City, this theme reveals Hangzhou‚Äôs timeless heritage.",68c3f757e48e220c9233fcc1; 68c3fa14c9d4347766b8203c; 68c3faebf3532a4b3f47b5db; 68c3fb835eb1c1ee95b8aa8f; 68c3fc98aaf28b4caf597ac8; 68c3e4fd3cc73e58b56fbfc3; 68c3fdc18d3f93273a13b231; 68c3fee019196ab47ca1acfb; 68c40004a8564e4b44a7af0c; 68c400a293be1d6a3233f677; 68c401702765c8ad0e55dd32; 68c402e8a41bcd43c5983a9b,"14/09/2025, 13:03:31"
68c6bcd6b3e5b2f2b735c893,Museums & Masterpieces of Hangzhou,China,Hangzhou,Art,All seasons,https://res.cloudinary.com/dekytgf4z/image/upload/v1757854729/museum_hangzhou_g1kxnp.png,,https://www.google.com/maps/d/u/0/embed?mid=14YLKryII3A56557nOPyfwHASNmut8SM&ehbc=2E312F&noprof=1,https://www.google.com/maps/d/u/0/edit?mid=14YLKryII3A56557nOPyfwHASNmut8SM&usp=sharing,"Hangzhou is not only about lakes and tea‚Äîit is also a treasure house of art, history, and innovation. Explore the China National Silk Museum and Southern Song Official Kiln Museum to uncover centuries of craftsmanship, or step into the China Tea Museum for a cultural taste of Hangzhou‚Äôs essence. From the vibrant Han Meilin Art Museum to the China Knives, Scissors & Swords Museum, each venue reveals unique artistry. Design lovers will enjoy the China International Design Museum and China Animation Museum, while the Grand Canal Museum highlights world heritage. Together, these museums form a cultural map of Hangzhou‚Äôs creativity.",68c3e9cb37bb8b653874f721; 68c3ea7b6079b95cb2db888d; 68c3ec9cf3532a4b3f47536b; 68c3ee04565ea0409b93dfde; 68c3eea42d2e35680d36c6bb; 68c3efe71ebd2c71fe726f64; 68c3f08c238eb02d397dfb4d; 68c3f151479d48b141554d44; 68c3f248c9d4347766b7dc4d; 68c3f4a8df9c23c72429ddaf; 68c3f53d6fbed1a570298d8b; 68c3f5cd6079b95cb2dbc268; 68c3f6662f50c548aff1c4a8; 68c3f3ce6079b95cb2dbb81d,"14/09/2025, 13:02:14"
68c6bc8f7c58277e82f6a836,Tea Hills & Hidden Valleys of Hangzhou,China,Hangzhou,Hiking,Spring,https://res.cloudinary.com/dekytgf4z/image/upload/v1757854731/tea_hills_phn1i1.png,,https://www.google.com/maps/d/u/0/embed?mid=1WzEr6SqRgL6qgtnx-PY60zd3e4da5j4&ehbc=2E312F&noprof=1,https://www.google.com/maps/d/u/0/edit?mid=1WzEr6SqRgL6qgtnx-PY60zd3e4da5j4&usp=sharing,"Beyond West Lake, Hangzhou‚Äôs charm lies in its tea-covered hills and misty valleys. Wander through Jiuxi Yanshu and the serene Nine Creeks, where streams flow quietly under ancient trees. Explore Longjing Village, home of the world-famous Dragon Well tea, and stroll along the Ten-Mile Langdang trail for breathtaking green views. Faxi Temple adds a touch of spirituality, while Meijiawu and Longwu Tea Village invite you to sip fresh brews straight from the source. At Yunqi Bamboo Path, towering bamboos frame a tranquil walk. This theme is perfect for travelers seeking calm, culture, and the authentic tea lifestyle of Hangzhou.",68c3dea250b1d3e95286217a; 68c3dfbc8982421a293bf3ec; 68c3e27faaf28b4caf58b2ee; 68c3e459479d48b14154ddf9; 68c3e4fd3cc73e58b56fbfc3; 68c3e5b2f3532a4b3f4725be; 68c3e654565ea0409b93a557; 68c3e70cd6c84d7dcbb2c04d; 68c3e8a3c9d4347766b77ea8,"14/09/2025, 13:01:03"
68c6bc466fdf0a38f08de87f,West Lake Wonders: Nature & Heritage in Hangzhou,China,Hangzhou,Attractions,Spring & Autumn,https://res.cloudinary.com/dekytgf4z/image/upload/v1757854729/west_lake_groxpx.png,,https://www.google.com/maps/d/u/0/embed?mid=1qxdf9UaxKKWTASEBFBgZh6KPlNOtXSY&ehbc=2E312F&noprof=1,https://www.google.com/maps/d/u/0/edit?mid=1qxdf9UaxKKWTASEBFBgZh6KPlNOtXSY&usp=sharing,"West Lake is the heart of Hangzhou, a perfect blend of natural beauty and cultural heritage. From the tranquil shores of the lake to the lush Hangzhou Botanical Garden, every stop reveals a different charm. Stroll through Taiziwan Park and Maojiabu, discover hidden gems like Wuguitan and Yuhu Bay, or enjoy the historical aura at Leifeng Pagoda and Yue Fei Temple. White Pagoda Park and Xixi Wetland complete the journey with scenic calm. This theme offers a mix of landscapes, legends, and leisure, ideal for travelers seeking both serenity and stories in one of China‚Äôs most celebrated cultural icons.",68c3ca55d6c84d7dcbb1da66; 68c3cf372b082a3608dc595f; 68c3d840479d48b141547c9d; 68c3d935c81fdd6020b0ed72; 68c3da862d2e35680d3640fb; 68c3db59bc16efae60f16247; 68c3dd03cc7f5260cdb6fe4e; 68c3ddb25975406afc19cf6c,"14/09/2025, 12:59:50"
68c02996241102000ac619d3,Heritage & Faith: Historic Shenzhen,China,Shenzhen,Attractions,All seasons,https://res.cloudinary.com/dekytgf4z/image/upload/v1757425681/heritage_faith_oheaon.png,,https://www.google.com/maps/d/u/0/embed?mid=1aL8eMsVSariokal0_NZJp7kAQMAl1qI&ehbc=2E312F&noprof=1,https://www.google.com/maps/d/u/0/edit?mid=1aL8eMsVSariokal0_NZJp7kAQMAl1qI&usp=sharing,"Step back in time and explore Shenzhen‚Äôs rich heritage through its ancient towns, ancestral homes, and sacred sites. Wander the storied streets of Nantou Ancient City, Dapeng Fortress, and Fenghuang Village, or admire traditional Hakka architecture at Hekou New Residence, Maosheng Shiju, and Dawan Shiju. Discover spiritual landmarks from the serene Hongfa Temple and Bao‚Äôan‚Äôs Beidi Temple to the coastal Chiwan Tianhou Temple honoring the sea goddess Mazu. For a glimpse of colonial influence, visit St. Anthony‚Äôs Church, Christ the King Cathedral, and Buji Christian Church. This theme reveals Shenzhen‚Äôs deep cultural roots and diverse faith traditions.",68becda310a3d916e6acfd2d; 68bece377f7e2832081e7f0b; 68becefabfe39d9437a191a9; 68becfc1fe9203cd94ce7d77; 68bed0536d5d3ba8764852e2; 68bed11ecb29c0ba7559c482; 68bed1f23fe8735b6e584231; 68bed2f801d68f57fd150201; 68bed3e1b87589ee62b140dc; 68bed4bdc8d34735e6d27891; 68bed57e767302ae43d57096; 68bed64da507f2b2a62d832a; 68bed6f8ea4272d2702c32d8; 68bed7c9cc84f090d3dff900,"09/09/2025, 13:20:22"
68c02876992f3d393d06ab1f,Shenzhen Nights: Skylines & Culture,China,Shenzhen,Nightlife,Summer,https://res.cloudinary.com/dekytgf4z/image/upload/v1757425680/nights_ziae9j.png,,https://www.google.com/maps/d/u/0/embed?mid=1Eb2Ol1HWbfG8CcDPivcN9O9_5-w4_qI&ehbc=2E312F&noprof=1,https://www.google.com/maps/d/u/0/edit?mid=1Eb2Ol1HWbfG8CcDPivcN9O9_5-w4_qI&usp=sharing,"Experience the magic of Shenzhen after dark, where dazzling skylines meet cultural charm. Marvel at panoramic city views from the KK100 and Ping An Finance Center observatories, or stroll around the illuminated Civic Center and Yantian Port. For a taste of tradition, visit Gankeng Hakka Town, Guanlan Ancient Village, or the cultural showcases of Splendid China. At Shekou Sea World Plaza, enjoy waterfront dining and live music under neon lights. Whether you‚Äôre chasing breathtaking skylines or exploring lively cultural districts, Shenzhen‚Äôs nightlife blends modern energy with heritage, making it an unforgettable experience for travelers of all kinds.",68bec5edb933d1c96719cbe7; 68bec676765c26f3288ca94c; 68bec72e4d6118476f98340c; 68bec7d367fdcf7ccd690243; 68bec8a5503a2b2579eec6df; 68bec94176b85f27fd54c413; 68beca561fcb6eae738a2c7d; 68becb3697a07211ba8694fb; 68becbcf64fa377a8a986e9b; 68beccf1e6f7ae0314002687,"09/09/2025, 13:15:34"
68c0272a81fa861e4f4f649b,Shenzhen Flavors: Night Markets & Local Bites,China,Shenzhen,Eating,Summer,https://res.cloudinary.com/dekytgf4z/image/upload/v1757425965/shenzhen_flavors_lzzvec.jpg,,https://www.google.com/maps/d/u/0/embed?mid=1_2V8Ki8QnPld7cawY9y63zWw1u21unA&ehbc=2E312F&noprof=1,https://www.google.com/maps/d/u/0/edit?mid=1_2V8Ki8QnPld7cawY9y63zWw1u21unA&usp=sharing,"Taste the vibrant flavors of Shenzhen through its lively night markets and food streets. From Bao‚Äôan Yantian Food Street and Longgang‚Äôs Luoruihe to the buzzing Shuiwei Night Market in Futian, each corner offers authentic bites and local favorites. Stroll through Dongmen Old Street for classic snacks, enjoy trendy vibes at Coco Park Rooftop Night Market, or dive into the bustling Buji Changlong and Dalang food streets. With sizzling skewers, seafood feasts, and creative street eats, Shenzhen‚Äôs culinary scene is a mix of tradition and modern flair. Perfect for foodies seeking authentic tastes and unforgettable night experiences.",68beaf8d58edc71ef51fd9ae; 68beb07a1cacad7b478ad210; 68beb1184c7afd2ebd156f47; 68bec0926c3c7da644b408a7; 68bec18e7413a22eaf1a31b9; 68bec246d68f751b8cfa450e; 68bec3ba252cde637a0443ed; 68bec30927032d12bd387109,"09/09/2025, 13:10:02"
68c0266a17fd718654653984,Art & Design Shenzhen,China,Shenzhen,Art,All seasons,https://res.cloudinary.com/dekytgf4z/image/upload/v1757425627/Art_design_ycv6be.png,,https://www.google.com/maps/d/u/0/embed?mid=1fKav1Udqe1jxlWBivKWFdxcfVOHf6fY&ehbc=2E312F&noprof=1,https://www.google.com/maps/d/u/0/edit?mid=1fKav1Udqe1jxlWBivKWFdxcfVOHf6fY&usp=sharing,"Uncover Shenzhen‚Äôs creative side through its thriving art and design scene. Wander through OCT-LOFT, a former factory district transformed into a vibrant creative park filled with galleries, studios, and cafes. Visit the He Xiangning Art Museum and Guan Shanyue Art Museum for inspiring collections of modern Chinese art, or explore the striking Pingshan Art Museum with its bold contemporary exhibitions. Blending design, culture, and innovation, Shenzhen offers a fresh perspective on China‚Äôs modern creativity. Perfect for young travelers, designers, and art lovers, this theme highlights the city‚Äôs role as a rising cultural capital.",68be912cdbff1e6913ca556f; 68be91bba8ed0235da41fa8d; 68be9012b125efce442aa834; 68be92f967fdcf7ccd67864a; 68be938466b157dd43ceb061; 68be95643be992a25ba7e6a4; 68be962c54822ef91a62609b; 68be96c3d7431c7bae7ee922; 68be97541fd8083b7ac36e04; 68be97f1eb0f647ed52bcb2a; 68be9a3b59913a3fa20917f2; 68be9d98ebe98487487486a0; 68be9e18a8ed0235da4237c4; 68be9ef8bff7c1c21acb3905; 68bea0cf87121976fa4077f5; 68bea15302b9ae202bfccc7d; 68bea2006a8406a95ac5ef07; 68bea27f42af3b78f026c54e,"09/09/2025, 13:06:50"
68c025a5054d6423c6c43d1a,Shopping Paradise: From Luxury to Local Finds,China,Shenzhen,Shopping,All seasons,https://res.cloudinary.com/dekytgf4z/image/upload/v1757425868/shopping_shenzhen_hyyskq.jpg,,https://www.google.com/maps/d/u/0/embed?mid=1qUd32Npcwvvgt7_a5XwVtpDiuEqTp18&ehbc=2E312F&noprof=1,https://www.google.com/maps/d/u/0/edit?mid=1qUd32Npcwvvgt7_a5XwVtpDiuEqTp18&usp=sharing,"Shenzhen is a shopper‚Äôs dream, blending high-end luxury with authentic local treasures. Explore the dazzling malls of MixC, Vientiane City, and UpperHills for international brands and stylish boutiques, or dive into the bustling Luohu Commercial City and Dongmen Pedestrian Street for bargain fashion and street-style flair. For tech lovers, the world-famous Huaqiangbei Electronics Market offers gadgets and innovations at every corner. Whether you‚Äôre hunting designer labels, trendy fast fashion, or quirky creative shops, Shenzhen delivers endless retail excitement. Perfect for shopping enthusiasts and technology explorers, this theme reveals the city‚Äôs vibrant consumer culture.",68bab15f6f97a48a447263af; 68bab252b0ad5621fca3cad7; 68bab3926f97a48a447275bc; 68bab464b9d1ac0043215c8e; 68bab4f9ec7dd79543ad02ad; 68bab64a91b1f468abe1aa8d; 68bab7b2eba616b3ba3fd1b2; 68bab866675dba43f5437eb6; 68bab93923424e5af15f2648; 68bab9e8b5776456d60ad212; 68babb026f97a48a4472b430; 68babcb952e59c81e9a5fe6e; 68babeef6df9bb65a53178ff; 68bac07be8f43a5e173721de; 68bac1bac3fbe5a6e1eb435a; 68baca4d3ede4f1d23bab90f; 68bacb426df9bb65a531fe90; 68bacc66b9d1ac004321f75e; 68bacd768e4e7a1a132017b9; 68bace9801872768bc89dfb4; 68bacfe24f14801c5d300f61,"09/09/2025, 13:03:33"
68c024b58f0cde05f0e0edf1,Coastal Escapes: Beaches & Sea Views,China,Shenzhen,Relaxing,Summer,https://res.cloudinary.com/dekytgf4z/image/upload/v1757426147/beaches_sea_views_z4xxki.jpg,,https://www.google.com/maps/d/u/0/embed?mid=154f8c1mDEQ8l0jUzcQOCo0Rwh_P9GG0&ehbc=2E312F&noprof=1,https://www.google.com/maps/d/u/0/edit?mid=154f8c1mDEQ8l0jUzcQOCo0Rwh_P9GG0&usp=sharing,"Discover Shenzhen‚Äôs refreshing coastal side, where golden sands and sweeping sea views invite you to slow down and unwind. Relax at the popular Dameisha and Xiaomeisha beaches, or take on the adventurous Dongxi Chong hiking trail for dramatic ocean panoramas. Stroll through Shenzhen Bay Park, where the skyline meets the sea, perfect for cycling, sunset walks, and family picnics. Blending leisure with a touch of adventure, this theme offers both serene getaways and lively outdoor fun. Ideal for families, couples, and young travelers seeking a relaxed seaside vibe alongside the energy of a modern city.",68ba8d91e9570e7b81aef422; 68ba90324bb9389915c8025d; 68ba8f1591b1f468abe0c558; 68ba91095aa582e7a71815d1; 68ba92ecd5b66b80a946cd99; 68ba9444009becfac2019879; 68ba94f702a284c231671684; 68ba967108d17610dcf379e4; 68ba96fdacfca38b7572a0f4; 68ba97efd7ac84cec227e8f0; 68ba994a00a5a6bd9cc5ec20; 68ba9c02f8552f0871a9aa88; 68ba9dbc0b43cb887bb16f70; 68ba9f0ad59f4dec0846456a,"09/09/2025, 12:59:33"
68c0237ab24f8bbfa39f6bfa,Future City: Tech & Innovation,China,Shenzhen,Attractions,All seasons,https://res.cloudinary.com/dekytgf4z/image/upload/v1757425688/future_city_lhrdcb.png,,https://www.google.com/maps/d/u/0/embed?mid=1kB5reymkKSCubW8qc8iI0Ck-ULzsvlA&ehbc=2E312F&noprof=1,https://www.google.com/maps/d/u/0/edit?mid=1kB5reymkKSCubW8qc8iI0Ck-ULzsvlA&usp=sharing,"Step into Shenzhen, China‚Äôs very own ‚ÄúSilicon Valley,‚Äù where innovation and ambition shape the skyline. From the futuristic Tencent Binhai Towers and the Huawei Bantian Campus to the buzzing Nanshan Technology Park, this city showcases the cutting edge of China‚Äôs tech revolution. At the Shenzhen Museum‚Äôs Reform and Opening-Up Exhibition, discover how a fishing village transformed into a global innovation hub within just a few decades. Perfect for travelers fascinated by modern China, entrepreneurship, and the energy of progress, this theme offers a front-row seat to the country‚Äôs dynamic future.",68b80dd2972ba364ba4e2857; 68b80ee9ff8929c8519da945; 68b80f79545481f225cd6169; 68b8108cfa4323839fe5eb0a; 68b811264ff53ae5bad78892; 68b812708a9d61efec35c996; 68b817686d309415e2dc40ee; 68b8184a23dd25e7a6dab467; 68b819dc826a573b7f5d9e17; 68b81ac7095c302dc9e6e404; 68b81b716e8c4bf7fb242d7e,"09/09/2025, 12:54:18"
68b801a36e8c4bf7fb235093,"Old Chongqing Stories: History, Faith & Everyday Life",China,Chongqing,Attractions,Spring & Autumn,https://res.cloudinary.com/dekytgf4z/image/upload/v1756900977/chongqing_stories_izjndx.png,,https://www.google.com/maps/d/u/0/embed?mid=1ZlFI8TxDl9VD7UEbMWhv87EyAlyuF1U&ehbc=2E312F&noprof=1,https://www.google.com/maps/d/u/0/edit?mid=1ZlFI8TxDl9VD7UEbMWhv87EyAlyuF1U&usp=sharing,"Step back in time and uncover the soul of Chongqing through its history and traditions. Wander the ancient streets of Ciqikou Old Town, once a bustling trading hub, and feel the echoes of the city‚Äôs opening era at the Port Heritage Park. Visit the grand People‚Äôs Auditorium and the Three Gorges Museum to trace modern history, then explore sacred sites like Baolun Temple, Luohan Temple, Huayan Temple, and Ciyun Temple. Discover hidden legends at Lao Jun Cave and White Mansion, and glimpse daily life at the Chongqing Zoo. This journey blends culture, faith, and memory‚Äîbringing Old Chongqing vividly to life.",68b6c57fb474da2574dab2e8; 68b6c653647ad0af34a2905c; 68b6ca9d4e0a51eea7af03c4; 68b6cb417d199282fe03fd2f; 68b6cbf7bee450a3f19b3b47; 68b6cd239d1c89e4f486cd44; 68b6cdeb7d199282fe041a4f; 68b6ce910391013a98024eca; 68b6cf35f53b19217f9b4dd2; 68b6cfd12dded4a54b2a10f5; 68b6d068601c97be87512283; 68b6d1334e0a51eea7af369d,"03/09/2025, 08:51:47"
68b8006a14a028ec31f99a61,Chongqing Shopping Spree: From Luxury Malls to Local Treasures,China,Chongqing,Shopping,All seasons,https://res.cloudinary.com/dekytgf4z/image/upload/v1756900831/chongqing_shopping_sntqnr.png,,https://www.google.com/maps/d/u/0/embed?mid=1HBy0HCttMgcSb-OyYQYC8hpVHO_9850&ehbc=2E312F&noprof=1,https://www.google.com/maps/d/u/0/edit?mid=1HBy0HCttMgcSb-OyYQYC8hpVHO_9850&usp=sharing,"Chongqing is more than dazzling night views‚Äîit‚Äôs also a paradise for shoppers. Explore world-class malls like Raffles City, IFS, Starlight 68, and MixC for international brands and designer finds. Wander through lively Guanyinqiao and Longfor Times Paradise Walk for trendy fashion and local vibes. For bargain hunters, head to Chaotianmen and New Chongqing Commodity Centers, or dig for hidden gems at Dongjiaxi Flea Market and Siji Gucang creative warehouse. Fashion lovers will adore Shengming Fashion City and IMIX‚Äôs dynamic mix of shops. Whether you seek luxury, street style, or quirky souvenirs, Chongqing offers a shopping adventure for every taste.",68b69b14261bcb8ddb8132f5; 68b6a4a143c3f99ab5576e67; 68b6a565bd53513a80ff2f66; 68b6a641db98f7cbe3d1e93d; 68b6a71d3b39ab3eb277325d; 68b6a7c627b263b0b725525e; 68b6a96b534912b5a29c96a6; 68b6aa974ef7cfc3628ad4c4; 68b6acd8534912b5a29cb149; 68b6ada9560cebb9b037adfd; 68b6aed4f77ef2fd0a1cd093; 68b6b0b802664516e3002adc; 68b6b1c3a53a6f16fffe474f; 68b6b232b1039d8d052b9491; 68b6b32f52b5e114c68cbadf,"03/09/2025, 08:46:34"
68b7fee2a124140f3b206b35,Chongqing 8D City: A Surreal Urban Adventure,China,Chongqing,Entertainment ,All seasons,https://res.cloudinary.com/dekytgf4z/image/upload/v1756901079/chongqing_8D_city_qi7n0a.png,,https://www.google.com/maps/d/u/0/embed?mid=1xp956Lg62puFInEIL6ruEoTDF2bGCRg&ehbc=2E312F&noprof=1,https://www.google.com/maps/d/u/0/edit?mid=1xp956Lg62puFInEIL6ruEoTDF2bGCRg&usp=sharing,"Step into Chongqing, the legendary ‚Äú8D City,‚Äù where reality feels like a maze of magic. Watch trains pass through apartments at Liziba Station, ride the giant Crown Escalator that feels like a time tunnel, and marvel at Kuixing Tower‚Äîwhere the 1st floor is also the 21st. Wander through Bai Xiang Ju‚Äôs cliffside homes, the winding Mountain City Walkway, and the historic Shibati old stairs. Explore hidden gems at Eling Second Factory, Zengjiayan cliff trail, or stroll along Huangjueya Old Street and Huangge Ancient Path. This journey blends surreal architecture, dramatic landscapes, and urban wonder‚Äîan unforgettable adventure only Chongqing can offer.",68b6bc686b29d2bf746ecc25; 68b6becf6b1af6d3d4ab6d43; 68b6bfc1ac3a5469fadde226; 68b6c0c3e01f293d37ec7220; 68b6c17bc02f835d612f5277; 68b6c23195fd8496996c674d; 68b58b06863513b8abf378d2; 68b6c4b85c5836eb151a7510; 68b6c7896adc6cbd4505cae2; 68b6c8221df0eee0a25702da,"03/09/2025, 08:40:02"
68b7fc8e4535b06f73f3cda3,Hot & Spicy: Flavors of Chongqing,China,Chongqing,Eating,All seasons,https://res.cloudinary.com/dekytgf4z/image/upload/v1756901152/chpngqing_flavors_wy6mh5.png,,https://www.google.com/maps/d/u/0/embed?mid=1T5JYMX67QU_P62YrX87CI1fCT8bzZsc&ehbc=2E312F&noprof=1,https://www.google.com/maps/d/u/0/edit?mid=1T5JYMX67QU_P62YrX87CI1fCT8bzZsc&usp=sharing,"Taste the true flavor of Chongqing where every night turns into a feast. From the bustling Guanyinqiao Pedestrian Street to the lively Nanfang Garden and Minxin Jiayuan night markets, every corner offers sizzling grills, spicy skewers, and bowls of hot noodles. Wander through Bayi Food Street, Danzishi Backstreet, and the famous Jiefangbei area for local snacks loved by generations. Explore Jiujie and Huahuiyuan for late-night bites, or dive into Shapingba‚Äôs street eats with friends. Whether it‚Äôs smoky barbecue, spicy hotpot, or sweet desserts, Chongqing‚Äôs food streets serve up unforgettable nights filled with flavors, fun, and local life.",68b58277d208015bdd4eb671; 68b593b5863513b8abf3f2be; 68b68f757dc9563bb71a2d1b; 68b690390ad5873bb801d109; 68b690a70ad5873bb801d7c7; 68b691644181c25fe5fe2ede; 68b692eef2c4d0e2070ff9ea; 68b6941e792a6ed8f0258036; 68b696759a27a8135b3cbdd7; 68b6995510d532da91ddc63f,"03/09/2025, 08:30:06"
68b7fbbe4ff14eeabe8ddcfc,City of Lights: Chongqing by Night,China,Chongqing,Nightlife,Spring & Autumn,https://res.cloudinary.com/dekytgf4z/image/upload/v1756900825/chongqingyejing_knokbs.png,,https://www.google.com/maps/d/u/0/embed?mid=16i8LOP7t--qplgocN7wOVxDH__E-hB0&ehbc=2E312F&noprof=1,https://www.google.com/maps/d/u/0/edit?mid=16i8LOP7t--qplgocN7wOVxDH__E-hB0&usp=sharing,"Step into a dreamy Chongqing night, where romance glows at every corner. Stroll hand in hand through the sparkling Jiefangbei streets, watch fairy-tale lights cascade over Hongyadong, and capture magical photos on Qiansimen Bridge. Float above the glittering Yangtze on the night cable car, then slow down at Xiahaoli‚Äôs old alleys or the riverside clock tower. For breathtaking moments, share a quiet view at Nan‚Äôan‚Äôs One Tree Hill, Eling Park, or gaze into the future at the Eye of the Cloud. From neon reflections to hidden sanctuaries, this journey is made for lovers, dreamers, and unforgettable memories.",68b57865f7ae0042fe710ce2; 68b579878b6b21a62dcca15b; 68b57ab4955a0851daee310f; 68b57c93c74d6c233ed9d34f; 68b57f0db524c18b69e85078; 68b580af86e94202225df978; 68b583fe8b6b21a62dcd5579; 68b586c5cb51b0aaf253b0bf; 68b588101cdb2d2c4826d539; 68b589c04b8739816c24924b; 68b58dcca1ccf03de5672c2a,"03/09/2025, 08:26:38"
68b04095eda8772ffcc8cb62,Shopping Xi‚Äôan: From Luxury Malls to Local Markets,China,Xi'an,Shopping,All seasons,https://res.cloudinary.com/dekytgf4z/image/upload/v1756383421/%E6%88%AA%E5%B1%8F2025-08-28_20.07.31_%E5%89%AF%E6%9C%AC_ltvucg.jpg,,https://www.google.com/maps/d/u/0/embed?mid=1WkFtUaj2_oKZ0_E6zJ0_i6peJWVsA6g&ehbc=2E312F&noprof=1,https://www.google.com/maps/d/u/0/edit?mid=1WkFtUaj2_oKZ0_E6zJ0_i6peJWVsA6g&usp=sharing,"Discover Xi‚Äôan‚Äôs dynamic shopping scene, where international luxury meets local bargains. Stroll through high-end malls like Xi‚Äôan SKP, Saige Plaza, and MixC for world-class fashion and lifestyle brands, or explore trendy hubs like Joy City and Yuanliplace for youth culture and creative finds. For savvy shoppers, outlets such as Scitech Premium Outlets and wholesale centers like Huayang Mall or Northwest Light Industry Market offer unbeatable deals. Don‚Äôt miss local food markets like Ruifeng Fengqing Road for authentic snacks. ‚ÄúShopping Xi‚Äôan‚Äù connects travelers with the city‚Äôs modern style, hidden bargains, and unique cultural treasures.",68b0135915fc28e567fc8a46; 68b0146cf279bfea587ca457; 68b0157a3b4646709c180816; 68b018a95a848c40f960e521; 68b01a6f099160e6ef87978c; 68b01c108385307bb8eebea7; 68b01d7470dae47bf45074be; 68b0203760663232666a3ff6; 68b02163efc5534d8671fe33,"28/08/2025, 11:42:13"
68b03fb865f403e5af24c54f,Flavors of Xi‚Äôan: Markets from Dawn to Dusk,China,Xi'an,Eating,All seasons,https://res.cloudinary.com/dekytgf4z/image/upload/v1756382665/%E6%88%AA%E5%B1%8F2025-08-28_19.58.37_%E5%89%AF%E6%9C%AC_zsww91.jpg,,https://www.google.com/maps/d/u/0/embed?mid=1QKnzxrFSIIjY30FSDqXflj0x0p5wvGk&ehbc=2E312F&noprof=1,https://www.google.com/maps/d/u/0/edit?mid=1QKnzxrFSIIjY30FSDqXflj0x0p5wvGk&usp=sharing,"Experience the authentic pulse of Xi‚Äôan through its bustling markets, where daily life and local flavors come alive. Begin at the lively Xiaonanmen morning market, filled with fresh produce and street snacks, then wander through traditional alleys like Dongmutou and Weiqu Old Street. As evening falls, dive into the vibrant food havens of Hui Min Street, Yongxingfang, and Sajinqiao, where sizzling grills, dumplings, and noodles tempt every palate. From dawn‚Äôs first vendors to the midnight crowds, ‚ÄúFlavors of Xi‚Äôan‚Äù offers travelers an unforgettable taste of the city‚Äôs street culture and its timeless love for food.",68b008f8e5cb01146323362e; 68b009eb396657867ca5c635; 68b00b1a5ecafbdd7470a620; 68b00c267d54f9358d3fbeaf; 68b00ee99f0f68fca741312e; 68b01032484b74b4e504ec14; 68b0113192e6288e233d6c35; 68b01225a60bacb823bca4f9,"28/08/2025, 11:38:32"
68b03ede65f403e5af24bb08,Museums of Xi‚Äôan: A Journey Through Time‚Äù,China,Xi'an,Art,All seasons,https://res.cloudinary.com/dekytgf4z/image/upload/v1756382190/%E6%88%AA%E5%B1%8F2025-08-28_19.49.43_%E5%89%AF%E6%9C%AC_aknvql.jpg,,https://www.google.com/maps/d/u/0/embed?mid=1FxIUJ7w-pv3LmMKQbJHGZB6UQWoRPpE&ehbc=2E312F&noprof=1,https://www.google.com/maps/d/u/0/edit?mid=1FxIUJ7w-pv3LmMKQbJHGZB6UQWoRPpE&usp=sharing,"Explore Xi‚Äôan‚Äôs rich cultural heritage through its remarkable museums and galleries. Marvel at the world-famous Terracotta Warriors, uncover Neolithic life at the Banpo Museum, and step into the grandeur of ancient dynasties at the Shaanxi History Museum. Admire calligraphy treasures in the Xi‚Äôan Beilin Museum, discover archaeological finds at the Shaanxi Archaeological Museum, and enjoy contemporary creativity at the Xi‚Äôan Art Museum. From folk traditions at the Dongyue Temple Museum to the diverse collections of the Xi‚Äôan Museum, ‚ÄúMuseums of Xi‚Äôan‚Äù offers travelers an inspiring journey through 3,000 years of history, art, and innovation.",68aec51ab93d0355103954c8; 68aff912ef0ab021d5227974; 68aff9c9627aaabe496cb7fb; 68aebb48de5c5d0ca0d5a0a7; 68affaf88389b81d8817eff5; 68affc3de79ae78de832db6f; 68afff32057c33d9dcccd111; 68aed1758fb6c74f3167e46f,"28/08/2025, 11:34:54"
68b03a0c06cc076a7e899511,"Sacred Xi‚Äôan: Temples, Mosques & Monasteries",China,Xi'an,Art,Spring & Autumn,https://res.cloudinary.com/dekytgf4z/image/upload/v1756379640/%E6%88%AA%E5%B1%8F2025-08-28_13.27.34_%E5%89%AF%E6%9C%AC_d6e78b.jpg,,https://www.google.com/maps/d/u/0/embed?mid=16NVvczxjXUeYiXhoMrk-RrwzQQp8dnY&ehbc=2E312F&noprof=1,https://www.google.com/maps/d/u/0/edit?mid=16NVvczxjXUeYiXhoMrk-RrwzQQp8dnY&usp=sharing,"Discover the spiritual heart of Xi‚Äôan through its diverse religious landmarks and timeless architecture. From the majestic Giant Wild Goose Pagoda and the serene Qinglong Temple to the historic Huajue Mosque and the gothic-style Wuxing Street Church, each site reflects centuries of faith and cultural exchange along the Silk Road. Wander through Buddhist monasteries, Taoist shrines, Islamic courtyards, and Christian sanctuaries, where art, history, and devotion meet. ‚ÄúSacred Xi‚Äôan‚Äù offers travelers a chance to experience the city‚Äôs spiritual diversity and the architectural beauty that continues to inspire visitors from around the world.",68aebd279a4dd6567b93a758; 68aecd17782a68923104bb41; 68aed283afc0d92f6d29397d; 68aed3d9248c4e1c1ce0cc9c; 68afea758d498cbbb7895414; 68afebf3f386bdf462337f68; 68afed7898e2cf36000477dd; 68afee9ce863be3c145d6597; 68aff28d10eb2c50ddd406e9; 68aff432cc1a30a50a5a2ede; 68aff6aff386bdf462343841; 68aff820725ca1c8e4218de3,"28/08/2025, 11:14:20"
68b027989f705c9a2d9fe2e7,Chang‚Äôan Nights: History Illuminated,China,Xi'an,Nightlife,Spring & Autumn,https://res.cloudinary.com/dekytgf4z/image/upload/v1756374922/%E6%88%AA%E5%B1%8F2025-08-28_17.46.08_%E5%89%AF%E6%9C%AC_g7mioi.jpg,,https://www.google.com/maps/d/u/0/embed?mid=1WFYzDqPNm9C8e7HjHyThX-OGAFk2sLc&ehbc=2E312F&noprof=1,https://www.google.com/maps/d/u/0/edit?mid=1WFYzDqPNm9C8e7HjHyThX-OGAFk2sLc&usp=sharing,"Step into the glow of ancient Chang‚Äôan, where Xi‚Äôan‚Äôs timeless heritage meets its vibrant nightlife. Begin with the iconic Bell and Drum Towers and stroll the ancient City Wall at dusk. Admire the spiritual calm of the Giant Wild Goose Pagoda before entering dazzling nightscapes like the Great Tang Everbright City and Tang Paradise, where history is reborn in lights and performances. Explore Book Academy Street for calligraphy and antiques, or sip drinks in lively Defu Alley. ‚ÄúChang‚Äôan Nights‚Äù invites travelers to experience Xi‚Äôan‚Äôs imperial grandeur and modern energy, all under the magic of night.",68aeb3397f1bb6d2f266a261; 68aeb5dabf2e86f0005a5d04; 68aeb74d5c551da46aa7f128; 68aeb9b5b72a2b4c504da571; 68aec6cc96c43c460a426513; 68aec7e18d088a82150a4e55; 68aec9ede599fa869fc0ecfd; 68aecbe3f47c76301de534d7; 68b022b5e4022d1bd63d2797,"28/08/2025, 09:55:36"
68a70ed7fe85f7c6690e0ff1,Family Adventures in Beijing : Dinosaur Trails,China,Beijing,Attractions,All seasons,https://res.cloudinary.com/dekytgf4z/image/upload/v1755778757/family_adventures_d4qres.jpg,,https://www.google.com/maps/d/u/0/embed?mid=1MoOCblarmmpkjdObYneOu9SXwYQPEuU&ehbc=2E312F&noprof=1,https://www.google.com/maps/d/u/0/edit?mid=1MoOCblarmmpkjdObYneOu9SXwYQPEuU&usp=sharing,"Discover Beijing through the eyes of your children! ‚ÄúBeijing Family Adventures‚Äù curates the city‚Äôs best kid-friendly attractions, blending fun, learning, and adventure. From world-class museums and cultural landmarks to playful parks and immersive dinosaur experiences, this theme is designed to spark curiosity for both young travelers and their parents. Whether it‚Äôs exploring giant fossil skeletons, riding through dino-themed trails, or enjoying creative hands-on activities, families will find safe, engaging, and unforgettable experiences across Beijing. With something exciting for every age, this guide helps you turn a family trip into a journey full of wonder.",68a6dfbd936f599092bedce4; 68a6e07b5e5e038456712161; 68a6e4241508892a77c66075; 68a6e55a7569e55440d53fc9; 68a6e673858511f2e93e5ac1; 68a6e7b06e9fd65843a0f6d9; 68a6e8915a330e19a01d3fd1; 68a7080c616ec8093dff4df6; 68a6f190c17ab44da5a31caf; 68a701f6c7952a9e14fd3f35; 68a704b37569e55440d68e3d; 68a70620bc730134ad85e78f,"21/08/2025, 12:19:35"
68a5b8301feb92991afad96b,$3 Budget-Friendly Chain Restaurants in Beijing ,China,Beijing,Eating,All seasons,https://res.cloudinary.com/dekytgf4z/image/upload/v1755690983/budget_friendly_cover_vz8ku3.jpg,,,,"üí∞Cashless is king: Most shops accept Alipay/WeChat Pay, but not all take foreign cards. Consider linking a foreign card to Alipay/WeChat or using cash where possible.
üí¨ No worries about language: Menus usually have pictures; just point to what you want.
ü•ò Eat like a local: Go during peak hours (lunch/dinner) to see the real local dining vibe.
üëâ With only $3 in your pocket, you can still enjoy an authentic, filling meal in Beijing ‚Äî just like the locals do.",68a5d65277255b139a371cd7; 68a5d9b053aa84918d8e78f5; 68a5a827a4a55005cf9eec84; 68a5bbb57d2fb4be818dced6; 68a5d42a28105fb8e2e31e72,"20/08/2025, 11:57:36"
68a04ea2663023c0f7fb23f7,"Sacred Spaces of Beijing: Temples, Churches & Traditions",China,Beijing,Art,All seasons,https://res.cloudinary.com/dekytgf4z/image/upload/v1755336238/temple_beijing_tq3mcw.jpg,,,,"Beijing‚Äôs sacred architecture tells the story of a city where ancient beliefs and diverse traditions meet. Wander through centuries-old Buddhist temples, peaceful Taoist sanctuaries, and ornate churches that reflect the city‚Äôs global connections. Each site is not only a place of worship but also a window into Beijing‚Äôs cultural soul ‚Äî where history, spirituality, and art blend harmoniously. Exploring these sacred spaces offers travelers a chance to slow down, reflect, and feel the timeless rhythm of the capital.",6879e708333cfbdaf0533360; 687a34e2333cfbdaf05626d9; 687a395fa518a3eaf32bda81; 687f1a4e0fc232e052b0bf49; 687f1bb1f5638e609803bc91; 687f1ceffc5bd376980a3fba; 687f45cdcb3290159b5e337e; 68805e0857f6f635ce43e445; 6880af235ce75f898677746d,"16/08/2025, 09:25:54"
68a049abf84073462a88c73a,Beijing‚Äôs Treasures: Museums & Art Spaces,China,Beijing,Art,All seasons,https://res.cloudinary.com/dekytgf4z/image/upload/v1755334995/beijing_museum_useizz.jpg,,https://www.google.com/maps/d/u/0/embed?mid=1OlCZBJ-pFE4iaJXYm4hjJuHvjHRmces&ehbc=2E312F&noprof=1,https://www.google.com/maps/d/u/0/edit?mid=1OlCZBJ-pFE4iaJXYm4hjJuHvjHRmces&usp=sharing,"Step into Beijing‚Äôs cultural heart through its museums and art spaces. From the grandeur of the National Museum of China and the ancient relics of the Capital Museum to the cutting-edge exhibitions at the Today Art Museum and the 798 Art District, the city offers a journey across time and creativity. Discover imperial treasures, traditional craftsmanship, and contemporary design ‚Äî all within spaces that tell Beijing‚Äôs story as both an ancient capital and a modern hub of art and ideas.",68775e02cd50354296455014; 68778687562b094cf7c52bc4; 6879e23d12c8b2aa800303a2; 6879ea2c7d39866afa1afc6d; 687df98d10beeb750539f4a8; 687e09d71b9ba294ca77eec3; 687e27ba7067079d8a255350; 687f174c32b9f4e604523119; 687f1e2ac13ac72737f90a78; 687f559ce256e4f327025f66; 68805bbe57f6f635ce43de0a; 688061ac0cf70d88f0410691; 688068c20a1b90a4f537accf; 68806bca9e09e0c51e5e2022; 6880719ee7b29dd455ad73c9; 688072ad0a1b90a4f537f71e; 6880a2f504b943583baaa495,"16/08/2025, 09:04:43"
689f69def387d61d16a91acf,"Beijing Bargain Paradise: Shop More, Spend Less",China,Beijing,Shopping,All seasons,https://res.cloudinary.com/dekytgf4z/image/upload/v1755305429/beijing_shopping_acm0az.jpg,,https://www.google.com/maps/d/u/0/embed?mid=1Z3DYgr0QJvlyzFTDAM1ZMLLqRkgyI6A&ehbc=2E312F&noprof=1,https://www.google.com/maps/d/u/0/edit?mid=1Z3DYgr0QJvlyzFTDAM1ZMLLqRkgyI6A&usp=sharing,"Discover Beijing‚Äôs ultimate shopping spots where style meets savings. From luxury brands at unbeatable discounts to unique jewelry, creative souvenirs, trendy fashion, and the latest electronics ‚Äî the city offers it all at a fraction of the price. Explore bustling markets, chic malls, and hidden local favorites where savvy shoppers score the best deals without compromising quality.",6889e3dae95b9a817770e434; 687f4ef6fb7bde76bf976744; 688a04361ea2cf57dbb4a216; 687f647c123f19ecaf033244; 687f548e5ded3bdf65aee14c; 687f6f7e2f7ef034d32e704b; 687f1fd66ef43f6510e38996; 687f4be7cb3290159b5e63c5; 688a00037d414f3b83e767ba; 688b50bdddc4b72cd6f39ff3,"15/08/2025, 17:09:50"
689f68ad157349c27e10c962,$50 Luxury Relaxation in Beijing ,China,Beijing,Spa,All seasons,https://res.cloudinary.com/dekytgf4z/image/upload/v1755331049/Portada_de_Facebook_Comida_para_Llevar_Mosaico_Negro_1200_x_800_%E5%83%8F%E7%B4%A0_kyynbc.png,,https://www.google.com/maps/d/u/0/embed?mid=1luCy0_YQlu20Ygs6kzHo8oait_VSw58&ehbc=2E312F&noprof=1,https://www.google.com/maps/d/u/0/edit?mid=1luCy0_YQlu20Ygs6kzHo8oait_VSw58&usp=sharing,"Unwind like royalty without the royal price tag. For less than $50, indulge in Beijing‚Äôs top-value wellness experiences ‚Äî from traditional Chinese full-body massages and foot reflexology to aromatic spa treatments in serene, elegant settings. These handpicked spots combine luxurious comfort, skilled therapists, and authentic techniques, offering the perfect balance of relaxation and cultural immersion at an unbeatable price.",689fde6e61e383507a7561df; 68a02b94208f0a3837a6674b; 68a032105b06b396fd814e5f; 68a036e6c9531c42d39b2da7,"15/08/2025, 17:04:45"
689f655dd7e8bf4eebdd0224,$30 Feast: Local-Favorite Beijing Cuisine,China,Beijing,Eating,All seasons,https://res.cloudinary.com/dekytgf4z/image/upload/v1755331560/Red_Yellow_Modern_Chinese_Food_Promotion_Instagram_Post_1200_x_800_%E5%83%8F%E7%B4%A0_huzuxk.png,,https://www.google.com/maps/d/u/0/embed?mid=1Yp4BTGQWZYcxZcX_T9Ex7qRqigAX2R8&ehbc=2E312F&noprof=1,https://www.google.com/maps/d/u/0/edit?mid=1Yp4BTGQWZYcxZcX_T9Ex7qRqigAX2R8&usp=sharing,"Discover Beijing‚Äôs authentic flavors without overspending. For under $30, enjoy a full meal at restaurants beloved by locals ‚Äî from crispy-skinned Peking duck and hand-pulled noodles to sizzling stir-fried lamb and delicate imperial snacks. These hidden gems and time-honored eateries offer hearty portions, rich history, and the true taste of the capital, proving that great food doesn‚Äôt have to come with a high price tag.",68820c58a120375905cf59ef; 68820b0ee3ef995d9e69f5f5; 6881c3f7d79bc6d3269f168f; 6881c50f9cadf9a46c862318; 6881c6799cadf9a46c862abe; 6881c980e71c3b51885fcaed; 6881cbbda4e1db3e57dfda51; 6881cea2987444108f47217f; 6881d153a083cfa68879c218; 6881d4b49cadf9a46c867c00; 6881f28c4688625ece169597; 6881f46ba32cf5499c44ca33; 6881f5bbf16441c9f79c1b7b; 688202563dd4f5cdd684ea0b; 688204e46a1513e07fad69bc; 6882067757be95b6a3f1e6dc; 6882083243b8cd08d56b0c5e,"15/08/2025, 16:50:37"
689f634524258cfd930ee655,$10 Caf√© Hopping Through Historic Beijing,China,Beijing,Eating,Autumn,https://res.cloudinary.com/dekytgf4z/image/upload/v1755276089/coffee_xqgtup.jpg,,https://www.google.com/maps/d/u/0/embed?mid=1E-qNmiHiyE-67TASKzPjMc04ZSwNGHo&ehbc=2E312F&noprof=1,https://www.google.com/maps/d/u/0/edit?mid=1E-qNmiHiyE-67TASKzPjMc04ZSwNGHo&usp=sharing,"Sip your way through Beijing‚Äôs history for just $10. From hidden courtyard caf√©s in centuries-old hutongs to stylish spots tucked inside ancient landmarks, each stop offers a taste of the city‚Äôs past with every cup. Enjoy scenic views, unique architecture, and the charm of Old Beijing ‚Äî all without breaking the bank.",689f520c26e9d85efe7abe63; 689f541b4bb6a518c67dc3b2; 6881ee12869a18491c878fea; 687dd00aab0dc672d470210d; 6880753c855a5821a284c400; 68776d55e1a51dac705b444c; 689f56b0ef7c12191b8720f5; 689f58836c223bcbac978b6a; 689f5a1211e57289e3f31511; 689f5b80b8faf7175b589665; 689f5ccbdd5e65f5c74c9fc9,"15/08/2025, 16:41:41"
689dbca93e100ebbbc7a0a89,Urban Chic: Shanghai‚Äôs Shopping & Lifestyle Hotspots,China,Shanghai,Shopping,All seasons,https://res.cloudinary.com/dekytgf4z/image/upload/v1755167899/shopping_knn9yi.jpg,,https://www.google.com/maps/d/u/0/embed?mid=1KJTzYELESESqtOuubZW_vhloxHhg3Ws&ehbc=2E312F&noprof=1,https://www.google.com/maps/d/u/0/edit?mid=1KJTzYELESESqtOuubZW_vhloxHhg3Ws&usp=sharing,"Discover Shanghai‚Äôs cosmopolitan side through its glamorous shopping districts and stylish lifestyle hubs. From the open-air luxury of Taikoo Li to the iconic rooftop panda at IFS, the city offers world-class retail, dining, and entertainment. Stroll down fashion-forward boulevards, explore high-end malls, and sip coffee in designer caf√©s while soaking in the city‚Äôs vibrant energy. This is Shanghai at its most modern‚Äîwhere shopping is as much about style as it is about discovery.",689dafd455ab972d6d461339; 689db0c0b46f1d10d4328637; 689db2ccb46f1d10d432a0b8; 689db467b46f1d10d432b3c1; 689db5922d00bf18d47c34e5; 689db6b6b1f534ef5f45c5b2; 689db8ce7f325114bd004cf9; 689db9aa446ebdecb98b6c2c,"14/08/2025, 10:38:33"
689d8873e4cb5846e881b06a,Gardens & Water Towns: Timeless Shanghai,China,Shanghai,Attractions,Autumn,https://res.cloudinary.com/dekytgf4z/image/upload/v1755155775/gardens_lffv3l.jpg,,https://www.google.com/maps/d/u/0/embed?mid=1BmUWGNfCu-59nj5njvk58erxcRcbpYc&ehbc=2E312F&noprof=1,https://www.google.com/maps/d/u/0/edit?mid=1BmUWGNfCu-59nj5njvk58erxcRcbpYc&usp=sharing,"Step into the elegance of classical China through Shanghai‚Äôs ancient gardens, temples, and water towns. Wander among pavilions, rockeries, and koi ponds in meticulously designed landscapes, then drift along canals lined with whitewashed houses in nearby historic towns. This journey blends the artistry of traditional architecture with the charm of riverside life, offering a peaceful escape from the city‚Äôs modern energy.",689bf47ead96e9d2f068f3a3; 689befe2ad96e9d2f068b2e8; 689d804f7b383764ca24a4e0; 689d8112b901d166ee1c8583; 689d81ec4adf75bb183a54b4; 689d855ebd02d3fd7abf0592; 689d8404cab3c48f152dcd25; 689d8726bd02d3fd7abf1ce6; 689d85f2a42a127bade332db; 689d88e0f7e2ecd021b07d3c,"14/08/2025, 06:55:47"
689d5ae4ef58901640ce50a7,Art & Design: Creative Shanghai,China,Shanghai,Art,Autumn,https://res.cloudinary.com/dekytgf4z/image/upload/v1755142871/ART_zn7d0d.jpg,,https://www.google.com/maps/d/u/0/embed?mid=1lQYH4d6e1vn1hLoxlaxufv49CPsyzrY&ehbc=2E312F&noprof=1,https://www.google.com/maps/d/u/0/edit?mid=1lQYH4d6e1vn1hLoxlaxufv49CPsyzrY&usp=sharing,"Explore Shanghai‚Äôs creative spirit through its vibrant art districts, cutting-edge museums, and beautifully designed spaces. From contemporary galleries along the West Bund to the industrial-chic studios of M50, the city blends East and West, tradition and innovation. Browse design-forward bookstores, admire thought-provoking exhibitions, and discover spaces where architecture itself becomes art. This journey is perfect for travelers seeking inspiration in every corner.",689d47b05177cee015fb196e; 689d48a656860935dcb1a7b7; 689d49fbef58901640cdca59; 689d4b92fd27d17657485060; 689d4dd4c203c8feccece227; 689d4eff00726bc539281490; 689d50ae1060ef7dbb2026b7; 689d55e7ae926e681fc3049f,"14/08/2025, 03:41:24"
689c4dd0d1e36fffe951235a,Streets & Flavors: A Taste of Shanghai,China,Shanghai,Eating,All seasons,https://res.cloudinary.com/dekytgf4z/image/upload/v1755073987/streets_flavor_qanlbr.jpg,,https://www.google.com/maps/d/u/0/embed?mid=1OVVhr9SR2P0hT1DMZ-J7-v5KHpYWgAM&ehbc=2E312F&noprof=1,https://www.google.com/maps/d/u/0/edit?mid=1OVVhr9SR2P0hT1DMZ-J7-v5KHpYWgAM&usp=sharing,"From steaming baskets of xiaolongbao to crispy scallion pancakes and late-night street barbecue, Shanghai is a feast for the senses. Start your day in bustling morning markets, wander through historic food streets for traditional snacks, and indulge in refined dining that blends local flavors with international flair. This journey takes you from hidden alleyway eateries to iconic culinary landmarks, offering a delicious window into the city‚Äôs soul.",689c3d41dfc00cdede636dba; 689c3e298571873bffa65642; 689c3f702525c8c87759454a; 689c41918571873bffa66c9e; 689c432d02772029ca822b11; 689c441ff0cf1e9f5840c2e4; 689c4566eb8b38be4a399436; 689c470ddf90f7d29dc9f8be; 689c490fe89038fd4f993bf0; 689c4b193c7650bae26e6711,"13/08/2025, 08:33:20"
689c3aaf2525c8c877593945,"Old Shanghai Stories: Lanes, Legends & Lifestyle",China,Shanghai,Relaxing,Autumn,https://res.cloudinary.com/dekytgf4z/image/upload/v1755069088/old_shanghai_eblel8.jpg,,https://www.google.com/maps/d/u/0/embed?mid=1lAOUw5Cn2N3JSkSbyVZo1S0GkOLlfkk&ehbc=2E312F&noprof=1,https://www.google.com/maps/d/u/0/edit?mid=1lAOUw5Cn2N3JSkSbyVZo1S0GkOLlfkk&usp=sharing,"Step back in time to discover the charm of Old Shanghai, where narrow lanes, stone gate houses, and Art Deco fa√ßades tell stories of a glamorous past. Wander through tree-lined streets of the former French Concession, explore hidden courtyards and retro caf√©s, and visit historic landmarks that shaped the city‚Äôs unique East-meets-West character. This journey offers a glimpse into Shanghai‚Äôs golden era and the lifestyle that once defined the ‚ÄúParis of the East.‚Äù",689c2eeec23d8c81c455a3ee; 689c2faadfc00cdede631dfa; 689c30d63b600e30882dec16; 689c31cbaaf48e5aa8837c53; 689c32f0aaf48e5aa88387e5; 689c35efad96e9d2f06c9f97; 689c36db8f2fd44cbb6b169a; 689c382bc6c90bffe62299e8,"13/08/2025, 07:11:43"
689c0a1d89d6c763a1aca058,Skyline & Lights: Shanghai After Dark,China,Shanghai,Nightlife,All seasons,https://res.cloudinary.com/dekytgf4z/image/upload/v1755056658/shanghai_lcu8ci.jpg,,https://www.google.com/maps/d/u/0/embed?mid=1ma32_eQeWVH00ljuu41x-a1v0-WMxbc&ehbc=2E312F&noprof=1,https://www.google.com/maps/d/u/0/edit?mid=1ma32_eQeWVH00ljuu41x-a1v0-WMxbc&usp=sharing,"When the sun sets, Shanghai transforms into a dazzling metropolis of shimmering skyscrapers and glowing waterfronts. Stroll along the Bund to admire the historic skyline facing the futuristic towers of Lujiazui, then cruise the Huangpu River for a 360¬∞ view of the city lights. End the night with a rooftop cocktail high above the streets, where the neon pulse of Shanghai stretches as far as the eye can see.",689bedd2ad96e9d2f0689c49; 689bf1ad99d6c65e94f98251; 689bf32599d6c65e94f99266; 689bf6888f2fd44cbb66d02e; 689bf7d0aaf48e5aa8804ecb; 689c040492bdb923b4d24460; 689c04d9de371ed590fd5b93; 689c05963b600e30882b524d; 689c0680de371ed590fd64f3,"13/08/2025, 03:44:29"
689b0c3a88a668b1bda0ed0b,Ancient Culture & Creative Spirit,China,Chengdu,Art,All seasons,https://res.cloudinary.com/dekytgf4z/image/upload/v1754991663/culture_ds8pmn.jpg,,https://www.google.com/maps/d/u/0/embed?mid=1kYcK8OGBBGxBjJZ5hTHMXoaHU1VE6wE&ehbc=2E312F&noprof=1,https://www.google.com/maps/d/u/0/edit?mid=1kYcK8OGBBGxBjJZ5hTHMXoaHU1VE6wE&usp=sharing,"Uncover Chengdu‚Äôs cultural depth through a journey that bridges ancient heritage and modern creativity. Explore world-class museums, historic memorials, and atmospheric bookstores that tell the city‚Äôs story across centuries. Wander through archaeological treasures, step inside poetic gardens, and discover vibrant cultural spaces where tradition meets innovation. Perfect for travelers who love history, art, and the written word, this theme offers an inspiring window into Chengdu‚Äôs past, present, and future.",689aff3938f567d4124a304e; 689ab1e1709e1300df8054b9; 689b00214032735767c99f6b; 689b03cef3824e8a4d74e060; 689b04bc465a9ebbc9b2a895; 689b058b08d029da279cb707; 689b089e4032735767c9ec26,"12/08/2025, 09:41:14"
689afc91f3824e8a4d749761,Modern City Vibes ‚Äî Shopping & Lifestyle,China,Chengdu,Shopping,All seasons,https://res.cloudinary.com/dekytgf4z/image/upload/v1754987651/shangchang_fboyzl.jpg,,https://www.google.com/maps/d/u/0/embed?mid=1VY_CuQkUKDFsPObB4Q4JUzrBWp8EKPY&ehbc=2E312F&noprof=1,https://www.google.com/maps/d/u/0/edit?mid=1VY_CuQkUKDFsPObB4Q4JUzrBWp8EKPY&usp=sharing,"Experience Chengdu‚Äôs modern charm through its vibrant shopping districts and stylish hangouts. From the sleek, neon-lit streets of Taikoo Li to the towering luxury of IFS with its giant rooftop panda, each stop blends high fashion, local design, and lively dining scenes. Explore boutique-lined lanes, trendy caf√©s, and buzzing nightlife spots, all set against a backdrop of cutting-edge architecture. This is Chengdu at its most cosmopolitan‚Äîwhere shopping, culture, and city lights come together.
",6899ca1742673227fd80a402; 689ac53f6a98c42b6df9c7c4; 689ac020e13b982e07e839fc; 689ac8dd4c11a2721595acc4; 689ac9f55f972d8e73839cfc; 689ad49a5f972d8e73841939; 689af2299fbaf5f020b483ce; 689af3e305e2dd306a628d85,"12/08/2025, 08:34:25"
689abb7fff60c03e000d0a53,Faith & Heritage: Temples and ancient architecture,China,Chengdu,Attractions,All seasons,https://res.cloudinary.com/dekytgf4z/image/upload/v1754970992/art_culture_qenxhd.jpg,,https://www.google.com/maps/d/u/0/embed?mid=1X6FbMn1Ov8ATEh6jdogPgOXB_Ow_dVE&ehbc=2E312F&noprof=1,https://www.google.com/maps/d/u/0/edit?mid=1X6FbMn1Ov8ATEh6jdogPgOXB_Ow_dVE&usp=sharing,"Step into Chengdu‚Äôs spiritual and historical heart, where centuries-old temples and ancient architecture tell stories of faith, culture, and artistry. Wander through peaceful courtyards, breathe in the scent of incense, and admire intricate carvings and traditional rooftops. From Buddhist monasteries to Taoist sanctuaries, this journey offers a serene escape into the city‚Äôs timeless heritage, connecting travelers with the traditions that have shaped Sichuan for generations.",689aacbce13b982e07e739e0; 689aae438ad1abfd3458b841; 689ab0358ad1abfd3458cf8b; 689ab1e1709e1300df8054b9; 689ab2f1022760a1593cf263; 689ab5575f972d8e7381d8c2; 689ab471b7dde526a0076515,"12/08/2025, 03:56:47"
6899cf8275ac12e8ba2f2bdb,Bars & River Nights: Chengdu After Dark,China,Chengdu,Nightlife,All seasons,https://res.cloudinary.com/dekytgf4z/image/upload/v1754910578/chengdu_night_life_ax2q9e.jpg,,https://www.google.com/maps/d/u/0/embed?mid=1ijMt5ew0_NYzZf94V-qfF2FiVcWPFtM&ehbc=2E312F&noprof=1,https://www.google.com/maps/d/u/0/edit?mid=1ijMt5ew0_NYzZf94V-qfF2FiVcWPFtM&usp=sharing,"When the sun sets, Chengdu transforms into a city of glowing bridges, lively bars, and night markets filled with flavor. Stroll along the shimmering Jinjiang River, sip cocktails at riverside lounges, or dance the night away in bustling nightlife districts. From the iconic Anshun Bridge to the vibrant energy of Jiuyanqiao, this journey captures the city‚Äôs playful, social spirit. It‚Äôs the perfect mix of lights, music, and late-night bites.",6899ace6d4857463d59597b5; 6899aea6761ac543869b8093; 6899ade2b19f03a0e680a038; 6899a9bbee8149dde53265ff; 6899c65affbe9614eac8dab3; 6899c734ad4955dfb0c92bbf; 6899c84e3728f5451921088d; 6899cccdfba7375eb3758e1e; 6899a8691ab1898c0d60ca22,"11/08/2025, 11:09:54"
6899c27936378dfdf061ebb1,Streets & Flavors: Chengdu‚Äôs Alleyway Feast,China,Chengdu,Eating,All seasons,https://res.cloudinary.com/dekytgf4z/image/upload/v1754907243/meishifengmian_fhpwcz.jpg,,https://www.google.com/maps/d/u/0/embed?mid=1VOZmZb7ePZiBdudKitSQLr0wSlvQ-hc&ehbc=2E312F&noprof=1,https://www.google.com/maps/d/u/0/edit?mid=1VOZmZb7ePZiBdudKitSQLr0wSlvQ-hc&usp=sharing,"From sunrise markets to midnight food stalls, Chengdu is a city that eats all day. Start your journey in bustling morning markets where steam rises from baskets of dumplings and bowls of spicy noodles. Wander through lively streets lined with teahouses and snack vendors, then dive into lantern-lit night markets for grilled skewers, hotpot, and sweet treats. This is a full-day feast through Chengdu‚Äôs famous flavors, from popular food streets to hidden alleyway gems.",6899a8691ab1898c0d60ca22; 6899ade2b19f03a0e680a038; 6899a0d08c97950157015216; 6899a247a67fbe97cba394f7; 6899a4053a01b2646cf09ff1; 6899aa9ece729d9bba560957; 6899a76f7ca7e948a9da0d56,"11/08/2025, 10:14:17"
689984fe48207007e6b07ffa,Pandas & Pastimes: Chengdu‚Äôs Gentle Side,China,Chengdu,Relaxing,Autumn,https://res.cloudinary.com/dekytgf4z/image/upload/v1754891378/panda_fnhihp.jpg,,https://www.google.com/maps/d/u/0/embed?mid=1Ch0vB48L2mDbsJioRGa6Iz9pzzxN5bg&ehbc=2E312F&noprof=1,https://www.google.com/maps/d/u/0/edit?mid=1Ch0vB48L2mDbsJioRGa6Iz9pzzxN5bg&usp=sharing,"Meet Chengdu‚Äôs most beloved residents at the Giant Panda Research Base, where playful cubs and gentle adults steal your heart. Then, slip into the city‚Äôs unhurried rhythm with a visit to a traditional tea house, watching locals play mahjong under the shade of ancient trees. This journey blends the charm of wildlife with the essence of Chengdu‚Äôs laid-back lifestyle, perfect for travelers seeking both wonder and relaxation.",6899735d148222d6de317f9a; 689975dfffe65c93d2556a09; 68997a9f45fb00ff19791a04; 68997d8b627eb20b66b79e9d; 689978b00c72928015c0cf2a; 689976eaafd10185bc898580; 689979945b7fe66bff64ecd3,"11/08/2025, 05:51:58"
68972a03f45ea3672492df97,10$ Hutong Bites: A Taste of Old Beijing,China,Beijing,Eating,All seasons,https://res.cloudinary.com/dekytgf4z/image/upload/v1754737135/hutong_dgrzyy.png,,https://www.google.com/maps/d/u/0/embed?mid=1SAo8Ra4_W0MxdiWFGbTuYwj4sfz3Kro&ehbc=2E312F&noprof=1,https://www.google.com/maps/d/u/0/edit?mid=1SAo8Ra4_W0MxdiWFGbTuYwj4sfz3Kro&usp=sharing,"Step into the winding alleys of Beijing‚Äôs historic hutongs and savor flavors passed down through generations. From steaming baozi at hidden corner shops to crispy fried cakes fresh off the pan, each bite tells a story of the city‚Äôs living history. This guided culinary journey takes you beyond the tourist trail, into the heart of local life, where food, culture, and community meet in the glow of lantern-lit streets.",6878b1c128e3edec33164ff9; 687def3789fc3d7d3ef3e45e; 6880a592a9b845155c9381d8; 687dc6b26ef43f6510daef57; 687a09afd92de3b675341241; 687dc0f5c11e0370b3af69e5,"09/08/2025, 10:59:15"
68956a747662ed54d562b656,Beijing After Sunset: Summer Nights Uncovered,China,Beijing,Nightlife,Summer,https://res.cloudinary.com/dekytgf4z/image/upload/v1754650144/beijing_nightlife_heng_-%E5%B0%81%E9%9D%A2_itvg6x.jpg,https://res.cloudinary.com/dekytgf4z/video/upload/v1754650213/beijing_nightlife_heng_alwwwt.mp4,,,"Discover the vibrant soul of Beijing after dark. As the summer heat fades, the city reveals a playful side‚Äîtwinkling hutongs, breezy lakeside walks, buzzing night markets, rooftop bars, and late-night bites. This curated travel series invites you to explore the cool, colorful, and unforgettable adventures that only happen when the sun goes down in Beijing.",687f1fd66ef43f6510e38996; 688073c26fd7872da0fb4cda; 687f6dc9123f19ecaf0375e2; 687f6f7e2f7ef034d32e704b; 687f710df8a9dffc20a71ad8; 68956dd0f86c6cc2a25c7c81; 68957099f86c6cc2a25c8f43,"08/08/2025, 03:09:40"
6891947c9333f9fa882bb761,best places to citywalk in the Autumn of Beijing,,Beijing,Attractions,Autumn,https://res.cloudinary.com/dekytgf4z/image/upload/v1755332963/Portada_de_Facebook_Comida_para_Llevar_Mosaico_Negro_1200_x_800_%E5%83%8F%E7%B4%A0_-2_sx1gic.png,https://res.cloudinary.com/dekytgf4z/video/upload/v1752813239/%E6%9D%A8%E6%A2%85%E7%AB%B9%E6%96%9C%E8%A1%97_grxrl8.mp4,,,Autumn is the best season in Beijing. There are so many poems about it.,68775e02cd50354296455014; 68776d55e1a51dac705b444c,"05/08/2025, 05:19:56"
6891947c9333f9fa882bb763,Best Coffee Shops in Beijing,China,Beijing,Relaxing,All seasons,https://res.cloudinary.com/dekytgf4z/image/upload/v1761052206/%E5%B0%81%E9%9D%A2_zvcyvq.jpg,,https://www.google.com/maps/d/u/0/embed?mid=1TMkIZa-o0jBL4kc-ObiEDwQs3O2ERjA&ehbc=2E312F&noprof=1,https://www.google.com/maps/d/u/0/edit?mid=1TMkIZa-o0jBL4kc-ObiEDwQs3O2ERjA&usp=sharing,"Beijing's coffee scene has exploded in recent years. From third-wave specialty roasters to cozy neighborhood cafes, discover the best spots for your caffeine fix.",687dd00aab0dc672d470210d; 6880753c855a5821a284c400; 689f5ccbdd5e65f5c74c9fc9; 689f5a1211e57289e3f31511; 68f765fa670080cd5b938e9c; 689f58836c223bcbac978b6a; 68f767c1f86561a9f2ded603; 68f769694b28bfb178c22ff3; 689f541b4bb6a518c67dc3b2; 68f76a39ad4e6d9fdcac8d45; 68f76b3ef9d710b580272bf1; 68f76cae01be46ccd86a48fe,"05/08/2025, 05:19:56"